Wk,Date,Time,Day,Winner,Pts,,Loser,Pts,Notes
1,"Aug 23, 2025",7:30 PM,Sat,Hawaii,23,,Stanford,20,
1,"Aug 23, 2025",12:00 PM,Sat, Iowa State,24,N, Kansas State,21,
1,"Aug 23, 2025",6:30 PM,Sat,Kansas,31,,Fresno State,7,
1,"Aug 23, 2025",4:00 PM,Sat,Nevada-Las Vegas,38,,Idaho State,31,
1,"Aug 23, 2025",7:00 PM,Sat,Western Kentucky,41,,Sam Houston,24,
2,"Aug 28, 2025",8:30 PM,Thu,Alabama-Birmingham,52,,Alabama State,42,
2,"Aug 28, 2025",6:00 PM,Thu,Bowling Green,26,,Lafayette,7,
2,"Aug 28, 2025",7:00 PM,Thu,Central Florida,17,,Jacksonville State,10,
2,"Aug 28, 2025",7:00 PM,Thu,Delaware,35,,Delaware State,17,
2,"Aug 28, 2025",7:30 PM,Thu,Duke,45,,Elon,17,
2,"Aug 28, 2025",8:00 PM,Thu,Houston,27,,Stephen F. Austin,0,
2,"Aug 28, 2025",7:00 PM,Thu,Louisiana-Monroe,29,,St. Francis (PA),0,
2,"Aug 28, 2025",8:00 PM,Thu,Minnesota,23,,Buffalo,10,
2,"Aug 28, 2025",7:30 PM,Thu,Missouri,61,,Central Arkansas,6,
2,"Aug 28, 2025",9:00 PM,Thu,Nebraska,20,N,Cincinnati,17,
2,"Aug 28, 2025",7:00 PM,Thu,North Carolina State,24,,East Carolina,17,
2,"Aug 28, 2025",7:30 PM,Thu,Oklahoma State,27,,Tennessee-Martin,7,
2,"Aug 28, 2025",6:00 PM,Thu,Rutgers,34,,Ohio,31,
2,"Aug 28, 2025",10:00 PM,Thu,San Diego State,42,,Stony Brook,0,
2,"Aug 28, 2025",5:30 PM,Thu,South Florida,34,, Boise State,7,
2,"Aug 28, 2025",9:00 PM,Thu,Wisconsin,17,,Miami (OH),0,
2,"Aug 28, 2025",7:00 PM,Thu,Wyoming,10,@,Akron,0,
2,"Aug 29, 2025",7:00 PM,Fri,Appalachian State,34,@,Charlotte,11,
2,"Aug 29, 2025",8:00 PM,Fri,Auburn,38,@,Baylor,24,
2,"Aug 29, 2025",10:30 PM,Fri,Central Michigan,16,@,San Jose State,14,
2,"Aug 29, 2025",7:00 PM,Fri,Florida International,42,,Bethune-Cookman,9,
2,"Aug 29, 2025",8:00 PM,Fri,Georgia Tech,27,@,Colorado,20,
2,"Aug 29, 2025",7:30 PM,Fri, Illinois,52,,Western Illinois,3,
2,"Aug 29, 2025",7:30 PM,Fri,Kansas,46,,Wagner,7,
2,"Aug 29, 2025",7:00 PM,Fri,Michigan State,23,,Western Michigan,6,
2,"Aug 29, 2025",9:30 PM,Fri,Nevada-Las Vegas,38,@,Sam Houston,21,
2,"Aug 29, 2025",6:00 PM,Fri,Tarleton State,30,@,Army,27,
2,"Aug 29, 2025",7:00 PM,Fri,Wake Forest,10,,Kennesaw State,9,
2,"Aug 30, 2025",3:30 PM,Sat,Air Force,49,,Bucknell,13,
2,"Aug 30, 2025",10:30 PM,Sat,Arizona,40,,Hawaii,6,
2,"Aug 30, 2025",10:00 PM,Sat, Arizona State,38,,Northern Arizona,19,
2,"Aug 30, 2025",4:15 PM,Sat,Arkansas,52,,Alabama A&M,7,
2,"Aug 30, 2025",7:00 PM,Sat,Arkansas State,42,,Southeast Missouri State,24,
2,"Aug 30, 2025",7:00 PM,Sat,Austin Peay,34,@,Middle Tennessee State,14,
2,"Aug 30, 2025",2:00 PM,Sat,Boston College,66,,Fordham,10,
2,"Aug 30, 2025",9:00 PM,Sat,Brigham Young,69,,Portland State,0,
2,"Aug 30, 2025",10:30 PM,Sat,California,34,@,Oregon State,15,
2,"Aug 30, 2025",12:00 PM,Sat,Connecticut,59,,Central Connecticut State,13,
2,"Aug 30, 2025",7:00 PM,Sat, Florida,55,,Long Island,0,
2,"Aug 30, 2025",3:30 PM,Sat,Florida State,31,, Alabama,17,
2,"Aug 30, 2025",9:30 PM,Sat,Fresno State,42,,Georgia Southern,14,
2,"Aug 30, 2025",3:30 PM,Sat, Georgia,45,,Marshall,7,
2,"Aug 30, 2025",2:30 PM,Sat, Indiana,27,,Old Dominion,14,
2,"Aug 30, 2025",6:00 PM,Sat,Iowa,34,,Albany,7,
2,"Aug 30, 2025",3:30 PM,Sat, Iowa State,55,,South Dakota,7,
2,"Aug 30, 2025",6:00 PM,Sat,James Madison,45,,Weber State,10,
2,"Aug 30, 2025",7:00 PM,Sat, Kansas State,38,,North Dakota,35,
2,"Aug 30, 2025",12:00 PM,Sat,Kent State,21,,Merrimack,17,
2,"Aug 30, 2025",12:45 PM,Sat,Kentucky,24,,Toledo,16,
2,"Aug 30, 2025",4:00 PM,Sat,Liberty,28,,Maine,7,
2,"Aug 30, 2025",7:30 PM,Sat, Louisiana State,17,@, Clemson,10,
2,"Aug 30, 2025",7:30 PM,Sat,Louisiana Tech,24,,Southeastern Louisiana,0,
2,"Aug 30, 2025",3:00 PM,Sat,Louisville,51,,Eastern Kentucky,17,
2,"Aug 30, 2025",12:00 PM,Sat,Maryland,39,,Florida Atlantic,7,
2,"Aug 30, 2025",4:30 PM,Sat,Memphis,45,,Chattanooga,10,
2,"Aug 30, 2025",7:30 PM,Sat, Michigan,34,,New Mexico,17,
2,"Aug 30, 2025",7:45 PM,Sat, Mississippi,63,,Georgia State,7,
2,"Aug 30, 2025",12:00 PM,Sat,Mississippi State,34,@,Southern Mississippi,17,
2,"Aug 30, 2025",12:00 PM,Sat,Navy,52,,Virginia Military Institute,7,
2,"Aug 30, 2025",9:00 PM,Sat,New Mexico State,19,,Bryant,3,
2,"Aug 30, 2025",8:00 PM,Sat,North Texas,51,,Lamar,0,
2,"Aug 30, 2025",3:30 PM,Sat,Northern Illinois,19,,Holy Cross,17,
2,"Aug 30, 2025",12:00 PM,Sat, Ohio State,14,, Texas,7,
2,"Aug 30, 2025",6:00 PM,Sat, Oklahoma,35,,Illinois State,3,
2,"Aug 30, 2025",4:00 PM,Sat, Oregon,59,,Montana State,13,
2,"Aug 30, 2025",3:30 PM,Sat, Penn State,46,,Nevada,11,
2,"Aug 30, 2025",12:00 PM,Sat,Pittsburgh,61,,Duquesne,9,
2,"Aug 30, 2025",12:00 PM,Sat,Purdue,31,,Ball State,0,
2,"Aug 30, 2025",8:00 PM,Sat,Rice,14,@,Louisiana,12,
2,"Aug 30, 2025",7:00 PM,Sat,South Alabama,38,,Morgan State,21,
2,"Aug 30, 2025",7:30 PM,Sat,Southern California,73,,Missouri State,13,
2,"Aug 30, 2025",9:00 PM,Sat, Southern Methodist,42,,East Texas A&M,13,
2,"Aug 30, 2025",3:30 PM,Sat,Temple,42,@,Massachusetts,10,
2,"Aug 30, 2025",12:00 PM,Sat, Tennessee,45,N,Syracuse,26,
2,"Aug 30, 2025",7:00 PM,Sat, Texas A&M,42,,Texas-San Antonio,24,
2,"Aug 30, 2025",8:00 PM,Sat,Texas State,52,,Eastern Michigan,27,
2,"Aug 30, 2025",7:30 PM,Sat, Texas Tech,67,,Arkansas-Pine Bluff,7,
2,"Aug 30, 2025",7:00 PM,Sat,Troy,38,,Nicholls State,20,
2,"Aug 30, 2025",12:00 PM,Sat,Tulane,23,,Northwestern,3,
2,"Aug 30, 2025",8:00 PM,Sat,Tulsa,35,,Abilene Christian,7,
2,"Aug 30, 2025",11:00 PM,Sat,Utah,43,@,UCLA,10,
2,"Aug 30, 2025",7:30 PM,Sat,Utah State,28,,Texas-El Paso,16,
2,"Aug 30, 2025",7:00 PM,Sat,Vanderbilt,45,,Charleston Southern,3,
2,"Aug 30, 2025",6:00 PM,Sat,Virginia,48,,Coastal Carolina,7,
2,"Aug 30, 2025",11:00 PM,Sat,Washington,38,,Colorado State,21,
2,"Aug 30, 2025",10:00 PM,Sat,Washington State,13,,Idaho,10,
2,"Aug 30, 2025",2:00 PM,Sat,West Virginia,45,,Robert Morris,3,
2,"Aug 30, 2025",7:00 PM,Sat,Western Kentucky,55,,North Alabama,6,
2,"Aug 31, 2025",7:30 PM,Sun, Miami (FL),27,, Notre Dame,24,
2,"Aug 31, 2025",3:00 PM,Sun, South Carolina,24,N,Virginia Tech,11,
2,"Sep 1, 2025",8:00 PM,Mon,Texas Christian,48,@,North Carolina,14,
3,"Sep 5, 2025",9:00 PM,Fri,Boise State,51,,Eastern Washington,14,
3,"Sep 5, 2025",7:00 PM,Fri,Louisville,28,,James Madison,14,
3,"Sep 5, 2025",7:30 PM,Fri,Maryland,20,,Northern Illinois,9,
3,"Sep 5, 2025",7:30 PM,Fri,Northwestern,42,,Western Illinois,7,
3,"Sep 6, 2025",7:45 PM,Sat, Alabama,73,,Louisiana-Monroe,0,
3,"Sep 6, 2025",3:30 PM,Sat,Appalachian State,20,,Lindenwood,13,
3,"Sep 6, 2025",10:00 PM,Sat,Arizona,48,,Weber State,3,
3,"Sep 6, 2025",5:00 PM,Sat,Arkansas,56,,Arkansas State,14,
3,"Sep 6, 2025",7:00 PM,Sat,Army,24,@,Kansas State,21,
3,"Sep 6, 2025",7:30 PM,Sat,Auburn,42,,Ball State,3,
3,"Sep 6, 2025",12:00 PM,Sat,Baylor,48,@, Southern Methodist,45,
3,"Sep 6, 2025",10:15 PM,Sat,Brigham Young,27,,Stanford,3,
3,"Sep 6, 2025",3:30 PM,Sat,Bryant,27,@,Massachusetts,26,
3,"Sep 6, 2025",3:30 PM,Sat,Buffalo,45,,St. Francis (PA),6,
3,"Sep 6, 2025",6:00 PM,Sat,California,35,,Texas Southern,3,
3,"Sep 6, 2025",7:00 PM,Sat,Central Florida,68,,North Carolina A&T,7,
3,"Sep 6, 2025",3:30 PM,Sat,Cincinnati,34,,Bowling Green,20,
3,"Sep 6, 2025",3:30 PM,Sat, Clemson,27,,Troy,16,
3,"Sep 6, 2025",7:30 PM,Sat,Coastal Carolina,13,,Charleston Southern,0,
3,"Sep 6, 2025",3:30 PM,Sat,Colorado,31,,Delaware,7,
3,"Sep 6, 2025",7:00 PM,Sat,Colorado State,21,,Northern Colorado,17,
3,"Sep 6, 2025",6:00 PM,Sat,East Carolina,56,,Campbell,3,
3,"Sep 6, 2025",6:00 PM,Sat,Florida Atlantic,56,,Florida A&M,14,
3,"Sep 6, 2025",12:00 PM,Sat, Florida State,77,,East Texas A&M,3,
3,"Sep 6, 2025",3:30 PM,Sat,Fresno State,36,@,Oregon State,27,
3,"Sep 6, 2025",3:30 PM,Sat, Georgia,28,,Austin Peay,6,
3,"Sep 6, 2025",3:30 PM,Sat,Georgia Tech,59,,Gardner-Webb,12,
3,"Sep 6, 2025",7:00 PM,Sat,Houston,35,@,Rice,9,
3,"Sep 6, 2025",12:00 PM,Sat, Illinois,45,@,Duke,19,
3,"Sep 6, 2025",12:00 PM,Sat, Indiana,56,,Kennesaw State,9,
3,"Sep 6, 2025",12:00 PM,Sat, Iowa State,16,,Iowa,13,
3,"Sep 6, 2025",12:00 PM,Sat,Jacksonville State,34,,Liberty,24,
3,"Sep 6, 2025",7:00 PM,Sat,Long Island,28,@,Eastern Michigan,23,
3,"Sep 6, 2025",8:00 PM,Sat,Louisiana,34,,McNeese State,10,
3,"Sep 6, 2025",7:30 PM,Sat, Louisiana State,23,,Louisiana Tech,7,
3,"Sep 6, 2025",7:00 PM,Sat,Memphis,38,@,Georgia State,16,
3,"Sep 6, 2025",7:00 PM,Sat, Miami (FL),45,,Bethune-Cookman,3,
3,"Sep 6, 2025",7:30 PM,Sat,Michigan State,42,,Boston College,40,
3,"Sep 6, 2025",12:00 PM,Sat,Minnesota,66,,Northwestern State,0,
3,"Sep 6, 2025",3:30 PM,Sat, Mississippi,30,@,Kentucky,23,
3,"Sep 6, 2025",7:30 PM,Sat,Mississippi State,24,, Arizona State,20,
3,"Sep 6, 2025",3:30 PM,Sat,Missouri,42,,Kansas,31,
3,"Sep 6, 2025",6:00 PM,Sat,Missouri State,21,@,Marshall,20,
3,"Sep 6, 2025",3:30 PM,Sat,Navy,38,,Alabama-Birmingham,24,
3,"Sep 6, 2025",7:30 PM,Sat,Nebraska,68,,Akron,0,
3,"Sep 6, 2025",5:00 PM,Sat,Nevada,20,,Sacramento State,17,
3,"Sep 6, 2025",8:00 PM,Sat,Nevada-Las Vegas,30,,UCLA,23,
3,"Sep 6, 2025",3:00 PM,Sat,New Mexico,32,,Idaho State,22,
3,"Sep 6, 2025",9:00 PM,Sat,New Mexico State,21,,Tulsa,14,
3,"Sep 6, 2025",7:00 PM,Sat,North Carolina,20,@,Charlotte,3,
3,"Sep 6, 2025",12:00 PM,Sat,North Carolina State,35,,Virginia,31,
3,"Sep 6, 2025",3:30 PM,Sat,North Texas,33,@,Western Michigan,30,
3,"Sep 6, 2025",4:00 PM,Sat,Ohio,17,,West Virginia,10,
3,"Sep 6, 2025",3:30 PM,Sat, Ohio State,70,,Grambling State,0,
3,"Sep 6, 2025",7:30 PM,Sat, Oklahoma,24,, Michigan,13,
3,"Sep 6, 2025",6:00 PM,Sat,Old Dominion,54,,North Carolina Central,6,
3,"Sep 6, 2025",3:30 PM,Sat, Oregon,69,,Oklahoma State,3,
3,"Sep 6, 2025",12:00 PM,Sat, Penn State,34,,Florida International,0,
3,"Sep 6, 2025",12:00 PM,Sat,Pittsburgh,45,,Central Michigan,17,
3,"Sep 6, 2025",7:30 PM,Sat,Purdue,34,,Southern Illinois,17,
3,"Sep 6, 2025",3:30 PM,Sat,Rutgers,45,,Miami (OH),17,
3,"Sep 6, 2025",7:00 PM,Sat, South Carolina,38,,South Carolina State,10,
3,"Sep 6, 2025",4:15 PM,Sat,South Florida,18,@, Florida,16,
3,"Sep 6, 2025",7:30 PM,Sat,Southern California,59,,Georgia Southern,20,
3,"Sep 6, 2025",5:00 PM,Sat,Southern Mississippi,38,,Jackson State,20,
3,"Sep 6, 2025",12:00 PM,Sat,Syracuse,27,,Connecticut,20,
3,"Sep 6, 2025",2:00 PM,Sat,Temple,55,,Howard,7,
3,"Sep 6, 2025",3:30 PM,Sat, Tennessee,72,,East Tennessee State,17,
3,"Sep 6, 2025",12:00 PM,Sat, Texas,38,,San Jose State,7,
3,"Sep 6, 2025",12:45 PM,Sat, Texas A&M,44,,Utah State,22,
3,"Sep 6, 2025",3:30 PM,Sat,Texas State,43,@,Texas-San Antonio,36,
3,"Sep 6, 2025",12:00 PM,Sat, Texas Tech,62,,Kent State,14,
3,"Sep 6, 2025",9:00 PM,Sat,Texas-El Paso,42,,Tennessee-Martin,17,
3,"Sep 6, 2025",7:00 PM,Sat,Toledo,45,,Western Kentucky,21,
3,"Sep 6, 2025",7:00 PM,Sat,Tulane,33,@,South Alabama,31,
3,"Sep 6, 2025",6:00 PM,Sat, Utah,63,,Cal Poly,9,
3,"Sep 6, 2025",7:30 PM,Sat,Vanderbilt,44,@,Virginia Tech,20,
3,"Sep 6, 2025",2:00 PM,Sat,Wake Forest,42,,Western Carolina,10,
3,"Sep 6, 2025",11:00 PM,Sat,Washington,70,,California-Davis,10,
3,"Sep 6, 2025",10:15 PM,Sat,Washington State,36,,San Diego State,13,
3,"Sep 6, 2025",4:00 PM,Sat,Wisconsin,42,,Middle Tennessee State,10,
3,"Sep 6, 2025",4:00 PM,Sat,Wyoming,31,,Northern Iowa,7,
3,"Sep 7, 2025",12:00 AM,Sun,Hawaii,37,,Sam Houston,20,
4,"Sep 11, 2025",7:30 PM,Thu,North Carolina State,34,@,Wake Forest,24,
4,"Sep 12, 2025",9:00 PM,Fri,Arizona,23,,Kansas State,17,
4,"Sep 12, 2025",7:30 PM,Fri,Houston,36,,Colorado,20,
4,"Sep 12, 2025",6:30 PM,Fri, Indiana,73,,Indiana State,0,
4,"Sep 12, 2025",10:00 PM,Fri,New Mexico,35,@,UCLA,10,
4,"Sep 12, 2025",7:00 PM,Fri,Syracuse,66,,Colgate,24,
4,"Sep 13, 2025",12:00 PM,Sat, Alabama,38,,Wisconsin,14,
4,"Sep 13, 2025",8:30 PM,Sat,Alabama-Birmingham,31,,Akron,28,
4,"Sep 13, 2025",10:30 PM,Sat,Arizona State,34,,Texas State,15,
4,"Sep 13, 2025",12:45 PM,Sat, Auburn,31,,South Alabama,15,
4,"Sep 13, 2025",2:00 PM,Sat,Ball State,34,,New Hampshire,29,
4,"Sep 13, 2025",12:00 PM,Sat,Baylor,42,,Samford,7,
4,"Sep 13, 2025",5:00 PM,Sat,Bowling Green,23,,Liberty,13,
4,"Sep 13, 2025",12:00 PM,Sat,Buffalo,31,@,Kent State,28,
4,"Sep 13, 2025",10:30 PM,Sat,California,27,,Minnesota,14,
4,"Sep 13, 2025",6:00 PM,Sat,Charlotte,42,,Monmouth,35,
4,"Sep 13, 2025",3:30 PM,Sat,Cincinnati,70,,Northwestern State,0,
4,"Sep 13, 2025",3:00 PM,Sat,Delaware,44,,Connecticut,41,
4,"Sep 13, 2025",7:30 PM,Sat,East Carolina,38,@,Coastal Carolina,0,
4,"Sep 13, 2025",6:00 PM,Sat,Florida International,38,,Florida Atlantic,28,
4,"Sep 13, 2025",10:00 PM,Sat,Fresno State,56,,Southern,7,
4,"Sep 13, 2025",3:30 PM,Sat, Georgia,44,@, Tennessee,41,
4,"Sep 13, 2025",8:00 PM,Sat,Georgia Southern,41,,Jacksonville State,34,
4,"Sep 13, 2025",7:00 PM,Sat,Georgia State,37,,Murray State,21,
4,"Sep 13, 2025",12:00 PM,Sat,Georgia Tech,24,, Clemson,21,
4,"Sep 13, 2025",7:00 PM,Sat, Illinois,38,,Western Michigan,0,
4,"Sep 13, 2025",7:30 PM,Sat,Iowa,47,,Massachusetts,7,
4,"Sep 13, 2025",4:00 PM,Sat, Iowa State,24,@,Arkansas State,16,
4,"Sep 13, 2025",6:00 PM,Sat,Kennesaw State,27,,Merrimack,13,
4,"Sep 13, 2025",7:30 PM,Sat,Kentucky,48,,Eastern Michigan,23,
4,"Sep 13, 2025",7:30 PM,Sat, Louisiana State,20,,Florida,10,
4,"Sep 13, 2025",7:30 PM,Sat,Louisiana Tech,49,,New Mexico State,14,
4,"Sep 13, 2025",6:00 PM,Sat,Marshall,38,,Eastern Kentucky,7,
4,"Sep 13, 2025",12:00 PM,Sat,Maryland,44,,Towson,17,
4,"Sep 13, 2025",12:00 PM,Sat,Memphis,28,@,Troy,7,
4,"Sep 13, 2025",4:30 PM,Sat, Miami (FL),49,, South Florida,12,
4,"Sep 13, 2025",12:00 PM,Sat, Michigan,63,,Central Michigan,3,
4,"Sep 13, 2025",3:30 PM,Sat,Michigan State,41,,Youngstown State,24,
4,"Sep 13, 2025",5:00 PM,Sat,Middle Tennessee State,14,@,Nevada,13,
4,"Sep 13, 2025",7:00 PM,Sat, Mississippi,41,,Arkansas,35,
4,"Sep 13, 2025",6:00 PM,Sat,Mississippi State,63,,Alcorn State,0,
4,"Sep 13, 2025",4:00 PM,Sat, Missouri,52,,Louisiana,10,
4,"Sep 13, 2025",8:00 PM,Sat,Navy,42,@,Tulsa,23,
4,"Sep 13, 2025",12:00 PM,Sat,Nebraska,59,,Houston Baptist,7,
4,"Sep 13, 2025",3:30 PM,Sat,North Carolina,41,,Richmond,6,
4,"Sep 13, 2025",3:30 PM,Sat,North Texas,59,,Washington State,10,
4,"Sep 13, 2025",7:00 PM,Sat, Ohio State,37,,Ohio,9,
4,"Sep 13, 2025",12:00 PM,Sat, Oklahoma,42,@,Temple,3,
4,"Sep 13, 2025",7:00 PM,Sat,Old Dominion,45,@,Virginia Tech,26,
4,"Sep 13, 2025",12:00 PM,Sat, Oregon,34,@,Northwestern,14,
4,"Sep 13, 2025",3:30 PM,Sat, Penn State,52,,Villanova,6,
4,"Sep 13, 2025",7:00 PM,Sat,Rice,38,,Prairie View A&M,17,
4,"Sep 13, 2025",3:30 PM,Sat,Rutgers,60,,Norfolk State,10,
4,"Sep 13, 2025",3:30 PM,Sat,Southern California,33,@,Purdue,17,
4,"Sep 13, 2025",3:30 PM,Sat,Southern Methodist,28,@,Missouri State,10,
4,"Sep 13, 2025",7:00 PM,Sat,Southern Mississippi,38,,Appalachian State,22,
4,"Sep 13, 2025",10:30 PM,Sat,Stanford,30,,Boston College,20,
4,"Sep 13, 2025",4:15 PM,Sat, Texas,27,,Texas-El Paso,10,
4,"Sep 13, 2025",7:30 PM,Sat, Texas A&M,41,@, Notre Dame,40,
4,"Sep 13, 2025",8:00 PM,Sat,Texas Christian,42,,Abilene Christian,21,
4,"Sep 13, 2025",3:30 PM,Sat, Texas Tech,45,,Oregon State,14,
4,"Sep 13, 2025",3:30 PM,Sat,Texas-San Antonio,48,,Incarnate Word,20,
4,"Sep 13, 2025",3:30 PM,Sat,Toledo,60,,Morgan State,0,
4,"Sep 13, 2025",8:00 PM,Sat,Tulane,34,,Duke,27,
4,"Sep 13, 2025",8:00 PM,Sat, Utah,31,@,Wyoming,6,
4,"Sep 13, 2025",9:45 PM,Sat,Utah State,49,,Air Force,30,
4,"Sep 13, 2025",7:45 PM,Sat,Vanderbilt,31,@, South Carolina,7,
4,"Sep 13, 2025",12:00 PM,Sat,Virginia,55,,William & Mary,16,
4,"Sep 13, 2025",3:30 PM,Sat,West Virginia,31,,Pittsburgh,24,
4,"Sep 14, 2025",12:00 AM,Sun,Hawaii,23,,Portland State,3,
5,"Sep 18, 2025",7:30 PM,Thu,Rice,,@,Charlotte,,
5,"Sep 19, 2025",8:00 PM,Fri,Iowa,,@,Rutgers,,
5,"Sep 19, 2025",7:30 PM,Fri,Tulsa,,@,Oklahoma State,,
5,"Sep 20, 2025",12:45 PM,Sat,Alabama-Birmingham,,@, Tennessee,,
5,"Sep 20, 2025",TBD,Sat,Arizona State,,@,Baylor,,
5,"Sep 20, 2025",12:00 PM,Sat,Arkansas,,@,Memphis,,
5,"Sep 20, 2025",7:00 PM,Sat,Arkansas State,,@,Kennesaw State,,
5,"Sep 20, 2025",3:30 PM,Sat, Auburn,,@, Oklahoma,,
5,"Sep 20, 2025",3:30 PM,Sat,Ball State,,@,Connecticut,,
5,"Sep 20, 2025",7:00 PM,Sat,Boise State,,@,Air Force,,
5,"Sep 20, 2025",12:00 PM,Sat,Bowling Green,,@,Louisville,,
5,"Sep 20, 2025",7:30 PM,Sat,Brigham Young,,@,East Carolina,,
5,"Sep 20, 2025",10:30 PM,Sat,California,,@,San Diego State,,
5,"Sep 20, 2025",7:00 PM,Sat,Coastal Carolina,,@,South Alabama,,
5,"Sep 20, 2025",6:00 PM,Sat,Delaware,,@,Florida International,,
5,"Sep 20, 2025",6:00 PM,Sat,Duquesne,,@,Akron,,
5,"Sep 20, 2025",TBD,Sat,Florida,,@, Miami (FL),,
5,"Sep 20, 2025",12:00 AM,Sat,Fresno State,,@,Hawaii,,
5,"Sep 20, 2025",3:30 PM,Sat,Gardner-Webb,,@,Ohio,,
5,"Sep 20, 2025",7:30 PM,Sat,Georgia State,,@,Vanderbilt,,
5,"Sep 20, 2025",5:00 PM,Sat,Idaho,,@,San Jose State,,
5,"Sep 20, 2025",TBD,Sat, Illinois,,@, Indiana,,
5,"Sep 20, 2025",3:30 PM,Sat,James Madison,,@,Liberty,,
5,"Sep 20, 2025",3:30 PM,Sat,Kent State,,@, Florida State,,
5,"Sep 20, 2025",3:30 PM,Sat,Louisiana,,@,Eastern Michigan,,
5,"Sep 20, 2025",9:00 PM,Sat,Louisiana-Monroe,,@,Texas-El Paso,,
5,"Sep 20, 2025",7:00 PM,Sat,Maine,,@,Georgia Southern,,
5,"Sep 20, 2025",7:00 PM,Sat,Marshall,,@,Middle Tennessee State,,
5,"Sep 20, 2025",TBD,Sat,Maryland,,@,Wisconsin,,
5,"Sep 20, 2025",TBD,Sat,McNeese State,,@,Utah State,,
5,"Sep 20, 2025",3:30 PM,Sat, Michigan,,@,Nebraska,,
5,"Sep 20, 2025",11:00 PM,Sat,Michigan State,,@,Southern California,,
5,"Sep 20, 2025",7:00 PM,Sat,Murray State,,@,Jacksonville State,,
5,"Sep 20, 2025",7:00 PM,Sat,Nevada,,@,Western Kentucky,,
5,"Sep 20, 2025",12:00 PM,Sat,Nevada-Las Vegas,,@,Miami (OH),,
5,"Sep 20, 2025",8:00 PM,Sat,Nicholls State,,@,Texas State,,
5,"Sep 20, 2025",3:30 PM,Sat,North Carolina,,@,Central Florida,,
5,"Sep 20, 2025",4:00 PM,Sat,North Carolina State,,@,Duke,,
5,"Sep 20, 2025",12:00 PM,Sat,North Texas,,@,Army,,
5,"Sep 20, 2025",4:15 PM,Sat,Northern Illinois,,@,Mississippi State,,
5,"Sep 20, 2025",TBD,Sat,Oregon State,,@, Oregon,,
5,"Sep 20, 2025",3:30 PM,Sat,Purdue,,@, Notre Dame,,
5,"Sep 20, 2025",8:00 PM,Sat,Sam Houston,,@, Texas,,
5,"Sep 20, 2025",TBD,Sat, South Carolina,,@, Missouri,,
5,"Sep 20, 2025",12:00 PM,Sat,South Carolina State,,@, South Florida,,
5,"Sep 20, 2025",7:45 PM,Sat,Southeastern Louisiana,,@, Louisiana State,,
5,"Sep 20, 2025",12:00 PM,Sat,Southern Methodist,,@,Texas Christian,,
5,"Sep 20, 2025",7:30 PM,Sat,Southern Mississippi,,@,Louisiana Tech,,
5,"Sep 20, 2025",7:30 PM,Sat,Stanford,,@,Virginia,,
5,"Sep 20, 2025",12:00 PM,Sat,Syracuse,,@, Clemson,,
5,"Sep 20, 2025",4:30 PM,Sat,Temple,,@,Georgia Tech,,
5,"Sep 20, 2025",7:00 PM,Sat,Tennessee-Martin,,@,Missouri State,,
5,"Sep 20, 2025",12:00 PM,Sat, Texas Tech,,@, Utah,,
5,"Sep 20, 2025",TBD,Sat,Texas-San Antonio,,@,Colorado State,,
5,"Sep 20, 2025",3:30 PM,Sat,Toledo,,@,Western Michigan,,
5,"Sep 20, 2025",3:30 PM,Sat,Troy,,@,Buffalo,,
5,"Sep 20, 2025",4:30 PM,Sat,Tulane,,@, Mississippi,,
5,"Sep 20, 2025",1:00 PM,Sat,Wagner,,@,Central Michigan,,
5,"Sep 20, 2025",7:30 PM,Sat,Washington,,@,Washington State,,
5,"Sep 20, 2025",TBD,Sat,West Virginia,,@,Kansas,,
5,"Sep 20, 2025",12:00 PM,Sat,Wofford,,@,Virginia Tech,,
5,"Sep 20, 2025",10:15 PM,Sat,Wyoming,,@,Colorado,,
6,"Sep 25, 2025",7:30 PM,Thu,Army,,@,East Carolina,,
6,"Sep 26, 2025",7:00 PM,Fri, Florida State,,@,Virginia,,
6,"Sep 26, 2025",10:30 PM,Fri,Houston,,@,Oregon State,,
6,"Sep 26, 2025",9:00 PM,Fri,Texas Christian,,@,Arizona State,,
6,"Sep 27, 2025",3:30 PM,Sat,Akron,,@,Toledo,,
6,"Sep 27, 2025",7:30 PM,Sat, Alabama,,@, Georgia,,
6,"Sep 27, 2025",TBD,Sat,Appalachian State,,@,Boise State,,
6,"Sep 27, 2025",TBD,Sat,Arizona,,@, Iowa State,,
6,"Sep 27, 2025",TBD,Sat,Arkansas State,,@,Louisiana-Monroe,,
6,"Sep 27, 2025",TBD,Sat, Auburn,,@, Texas A&M,,
6,"Sep 27, 2025",TBD,Sat,Baylor,,@,Oklahoma State,,
6,"Sep 27, 2025",TBD,Sat,Bowling Green,,@,Ohio,,
6,"Sep 27, 2025",10:15 PM,Sat,Brigham Young,,@,Colorado,,
6,"Sep 27, 2025",TBD,Sat,California,,@,Boston College,,
6,"Sep 27, 2025",TBD,Sat,Central Florida,,@,Kansas State,,
6,"Sep 27, 2025",TBD,Sat,Cincinnati,,@,Kansas,,
6,"Sep 27, 2025",TBD,Sat,Connecticut,,@,Buffalo,,
6,"Sep 27, 2025",TBD,Sat,Duke,,@,Syracuse,,
6,"Sep 27, 2025",TBD,Sat,Eastern Michigan,,@,Central Michigan,,
6,"Sep 27, 2025",TBD,Sat,Georgia Southern,,@,James Madison,,
6,"Sep 27, 2025",TBD,Sat,Georgia Tech,,@,Wake Forest,,
6,"Sep 27, 2025",TBD,Sat,Hawaii,,@,Air Force,,
6,"Sep 27, 2025",TBD,Sat, Indiana,,@,Iowa,,
6,"Sep 27, 2025",TBD,Sat,Jacksonville State,,@,Southern Mississippi,,
6,"Sep 27, 2025",TBD,Sat,Kentucky,,@, South Carolina,,
6,"Sep 27, 2025",TBD,Sat,Liberty,,@,Old Dominion,,
6,"Sep 27, 2025",TBD,Sat,Lindenwood,,@,Miami (OH),,
6,"Sep 27, 2025",TBD,Sat, Louisiana State,,@, Mississippi,,
6,"Sep 27, 2025",9:00 PM,Sat,Louisiana Tech,,@,Texas-El Paso,,
6,"Sep 27, 2025",TBD,Sat,Louisville,,@,Pittsburgh,,
6,"Sep 27, 2025",TBD,Sat,Marshall,,@,Louisiana,,
6,"Sep 27, 2025",TBD,Sat,Massachusetts,,@, Missouri,,
6,"Sep 27, 2025",TBD,Sat,Memphis,,@,Florida Atlantic,,
6,"Sep 27, 2025",6:00 PM,Sat,Middle Tennessee State,,@,Kennesaw State,,
6,"Sep 27, 2025",4:00 PM,Sat,New Mexico State,,@,New Mexico,,
6,"Sep 27, 2025",12:00 PM,Sat, Notre Dame,,@,Arkansas,,
6,"Sep 27, 2025",TBD,Sat, Ohio State,,@,Washington,,
6,"Sep 27, 2025",7:30 PM,Sat, Oregon,,@, Penn State,,
6,"Sep 27, 2025",6:30 PM,Sat,Rhode Island,,@,Western Michigan,,
6,"Sep 27, 2025",3:30 PM,Sat,Rice,,@,Navy,,
6,"Sep 27, 2025",TBD,Sat,Rutgers,,@,Minnesota,,
6,"Sep 27, 2025",TBD,Sat,San Diego State,,@,Northern Illinois,,
6,"Sep 27, 2025",TBD,Sat,San Jose State,,@,Stanford,,
6,"Sep 27, 2025",TBD,Sat,South Alabama,,@,North Texas,,
6,"Sep 27, 2025",TBD,Sat,Southern California,,@, Illinois,,
6,"Sep 27, 2025",TBD,Sat, Tennessee,,@,Mississippi State,,
6,"Sep 27, 2025",TBD,Sat,Tulane,,@,Tulsa,,
6,"Sep 27, 2025",TBD,Sat,UCLA,,@,Northwestern,,
6,"Sep 27, 2025",TBD,Sat, Utah,,@,West Virginia,,
6,"Sep 27, 2025",12:45 PM,Sat,Utah State,,@,Vanderbilt,,
6,"Sep 27, 2025",TBD,Sat,Virginia Tech,,@,North Carolina State,,
6,"Sep 27, 2025",7:30 PM,Sat,Washington State,,@,Colorado State,,
6,"Sep 27, 2025",7:00 PM,Sat,Western Kentucky,,@,Missouri State,,
7,"Oct 2, 2025",9:00 PM,Thu,Sam Houston,,@,New Mexico State,,
7,"Oct 3, 2025",7:00 PM,Fri,Charlotte,,@, South Florida,,
7,"Oct 3, 2025",10:30 PM,Fri,Colorado State,,@,San Diego State,,
7,"Oct 3, 2025",10:00 PM,Fri,New Mexico,,@,San Jose State,,
7,"Oct 3, 2025",10:30 PM,Fri,West Virginia,,@,Brigham Young,,
7,"Oct 3, 2025",7:00 PM,Fri,Western Kentucky,,@,Delaware,,
7,"Oct 4, 2025",12:00 PM,Sat,Air Force,,@,Navy,,
7,"Oct 4, 2025",TBD,Sat,Army,,@,Alabama-Birmingham,,
7,"Oct 4, 2025",3:30 PM,Sat,Boise State,,@, Notre Dame,,
7,"Oct 4, 2025",TBD,Sat,Boston College,,@,Pittsburgh,,
7,"Oct 4, 2025",TBD,Sat,Campbell,,@,North Carolina State,,
7,"Oct 4, 2025",3:30 PM,Sat,Central Michigan,,@,Akron,,
7,"Oct 4, 2025",TBD,Sat, Clemson,,@,North Carolina,,
7,"Oct 4, 2025",TBD,Sat,Coastal Carolina,,@,Old Dominion,,
7,"Oct 4, 2025",TBD,Sat,Colorado,,@,Texas Christian,,
7,"Oct 4, 2025",TBD,Sat,Duke,,@,California,,
7,"Oct 4, 2025",TBD,Sat,Eastern Michigan,,@,Buffalo,,
7,"Oct 4, 2025",TBD,Sat,Florida Atlantic,,@,Rice,,
7,"Oct 4, 2025",3:30 PM,Sat,Florida International,,@,Connecticut,,
7,"Oct 4, 2025",TBD,Sat, Illinois,,@,Purdue,,
7,"Oct 4, 2025",TBD,Sat, Iowa State,,@,Cincinnati,,
7,"Oct 4, 2025",TBD,Sat,James Madison,,@,Georgia State,,
7,"Oct 4, 2025",TBD,Sat,Kansas,,@,Central Florida,,
7,"Oct 4, 2025",TBD,Sat,Kansas State,,@,Baylor,,
7,"Oct 4, 2025",12:00 AM,Sat,Kent State,,@, Oklahoma,,
7,"Oct 4, 2025",12:00 PM,Sat,Kentucky,,@, Georgia,,
7,"Oct 4, 2025",TBD,Sat,Louisiana-Monroe,,@,Northwestern,,
7,"Oct 4, 2025",TBD,Sat, Miami (FL),,@, Florida State,,
7,"Oct 4, 2025",TBD,Sat,Miami (OH),,@,Northern Illinois,,
7,"Oct 4, 2025",TBD,Sat,Michigan State,,@,Nebraska,,
7,"Oct 4, 2025",TBD,Sat,Minnesota,,@, Ohio State,,
7,"Oct 4, 2025",TBD,Sat,Mississippi State,,@, Texas A&M,,
7,"Oct 4, 2025",10:30 PM,Sat,Nevada,,@,Fresno State,,
7,"Oct 4, 2025",7:00 PM,Sat,Nevada-Las Vegas,,@,Wyoming,,
7,"Oct 4, 2025",12:00 PM,Sat,Ohio,,@,Ball State,,
7,"Oct 4, 2025",TBD,Sat,Oklahoma State,,@,Arizona,,
7,"Oct 4, 2025",TBD,Sat,Oregon State,,@,Appalachian State,,
7,"Oct 4, 2025",TBD,Sat, Penn State,,@,UCLA,,
7,"Oct 4, 2025",TBD,Sat,South Alabama,,@,Troy,,
7,"Oct 4, 2025",TBD,Sat,Syracuse,,@,Southern Methodist,,
7,"Oct 4, 2025",TBD,Sat, Texas,,@,Florida,,
7,"Oct 4, 2025",TBD,Sat,Texas State,,@,Arkansas State,,
7,"Oct 4, 2025",TBD,Sat, Texas Tech,,@,Houston,,
7,"Oct 4, 2025",TBD,Sat,Texas-San Antonio,,@,Temple,,
7,"Oct 4, 2025",TBD,Sat,Tulsa,,@,Memphis,,
7,"Oct 4, 2025",TBD,Sat,Vanderbilt,,@, Alabama,,
7,"Oct 4, 2025",TBD,Sat,Virginia,,@,Louisville,,
7,"Oct 4, 2025",TBD,Sat,Wake Forest,,@,Virginia Tech,,
7,"Oct 4, 2025",TBD,Sat,Washington,,@,Maryland,,
7,"Oct 4, 2025",TBD,Sat,Western Michigan,,@,Massachusetts,,
7,"Oct 4, 2025",TBD,Sat,Wisconsin,,@, Michigan,,
8,"Oct 8, 2025",8:00 PM,Wed,Liberty,,@,Texas-El Paso,,
8,"Oct 8, 2025",7:30 PM,Wed,Missouri State,,@,Middle Tennessee State,,
8,"Oct 9, 2025",8:00 PM,Thu,East Carolina,,@,Tulane,,
8,"Oct 9, 2025",8:00 PM,Thu,Jacksonville State,,@,Sam Houston,,
8,"Oct 9, 2025",7:00 PM,Thu,Louisiana Tech,,@,Kennesaw State,,
8,"Oct 9, 2025",TBD,Thu,Southern Mississippi,,@,Georgia Southern,,
8,"Oct 10, 2025",9:00 PM,Fri,Fresno State,,@,Colorado State,,
8,"Oct 10, 2025",9:00 PM,Fri,Rutgers,,@,Washington,,
8,"Oct 10, 2025",7:30 PM,Fri, South Florida,,@,North Texas,,
8,"Oct 11, 2025",3:30 PM,Sat,Air Force,,@,Nevada-Las Vegas,,
8,"Oct 11, 2025",12:00 PM,Sat, Alabama,,@, Missouri,,
8,"Oct 11, 2025",TBD,Sat,Alabama-Birmingham,,@,Florida Atlantic,,
8,"Oct 11, 2025",TBD,Sat,Appalachian State,,@,Georgia State,,
8,"Oct 11, 2025",TBD,Sat,Arizona State,,@, Utah,,
8,"Oct 11, 2025",TBD,Sat,Arkansas,,@, Tennessee,,
8,"Oct 11, 2025",TBD,Sat,Ball State,,@,Western Michigan,,
8,"Oct 11, 2025",TBD,Sat,Brigham Young,,@,Arizona,,
8,"Oct 11, 2025",TBD,Sat,Central Florida,,@,Cincinnati,,
8,"Oct 11, 2025",12:00 PM,Sat,Charlotte,,@,Army,,
8,"Oct 11, 2025",TBD,Sat, Clemson,,@,Boston College,,
8,"Oct 11, 2025",TBD,Sat,Florida,,@, Texas A&M,,
8,"Oct 11, 2025",TBD,Sat, Georgia,,@, Auburn,,
8,"Oct 11, 2025",TBD,Sat,Houston,,@,Oklahoma State,,
8,"Oct 11, 2025",TBD,Sat, Indiana,,@, Oregon,,
8,"Oct 11, 2025",TBD,Sat,Iowa,,@,Wisconsin,,
8,"Oct 11, 2025",TBD,Sat, Iowa State,,@,Colorado,,
8,"Oct 11, 2025",TBD,Sat,Kansas,,@, Texas Tech,,
8,"Oct 11, 2025",TBD,Sat,Louisiana,,@,James Madison,,
8,"Oct 11, 2025",TBD,Sat,Louisiana-Monroe,,@,Coastal Carolina,,
8,"Oct 11, 2025",TBD,Sat,Massachusetts,,@,Kent State,,
8,"Oct 11, 2025",TBD,Sat,Miami (OH),,@,Akron,,
8,"Oct 11, 2025",TBD,Sat, Michigan,,@,Southern California,,
8,"Oct 11, 2025",TBD,Sat,Navy,,@,Temple,,
8,"Oct 11, 2025",TBD,Sat,Nebraska,,@,Maryland,,
8,"Oct 11, 2025",TBD,Sat,New Mexico,,@,Boise State,,
8,"Oct 11, 2025",3:30 PM,Sat,North Carolina State,,@, Notre Dame,,
8,"Oct 11, 2025",TBD,Sat,Northern Illinois,,@,Eastern Michigan,,
8,"Oct 11, 2025",TBD,Sat,Northwestern,,@, Penn State,,
8,"Oct 11, 2025",TBD,Sat, Ohio State,,@, Illinois,,
8,"Oct 11, 2025",TBD,Sat,Old Dominion,,@,Marshall,,
8,"Oct 11, 2025",TBD,Sat,Pittsburgh,,@, Florida State,,
8,"Oct 11, 2025",TBD,Sat,Purdue,,@,Minnesota,,
8,"Oct 11, 2025",TBD,Sat,Rice,,@,Texas-San Antonio,,
8,"Oct 11, 2025",10:30 PM,Sat,San Diego State,,@,Nevada,,
8,"Oct 11, 2025",7:00 PM,Sat,San Jose State,,@,Wyoming,,
8,"Oct 11, 2025",TBD,Sat, South Carolina,,@, Louisiana State,,
8,"Oct 11, 2025",TBD,Sat,Stanford,,@,Southern Methodist,,
8,"Oct 11, 2025",3:30 PM,Sat, Texas,,N, Oklahoma,,
8,"Oct 11, 2025",TBD,Sat,Texas Christian,,@,Kansas State,,
8,"Oct 11, 2025",TBD,Sat,Toledo,,@,Bowling Green,,
8,"Oct 11, 2025",TBD,Sat,Troy,,@,Texas State,,
8,"Oct 11, 2025",12:00 PM,Sat,UCLA,,@,Michigan State,,
8,"Oct 11, 2025",TBD,Sat,Virginia Tech,,@,Georgia Tech,,
8,"Oct 11, 2025",TBD,Sat,Wake Forest,,@,Oregon State,,
8,"Oct 11, 2025",12:45 PM,Sat,Washington State,,@, Mississippi,,
8,"Oct 12, 2025",12:00 AM,Sun,Utah State,,@,Hawaii,,
9,"Oct 14, 2025",7:30 PM,Tue,Arkansas State,,@,South Alabama,,
9,"Oct 14, 2025",8:00 PM,Tue,Florida International,,@,Western Kentucky,,
9,"Oct 14, 2025",7:00 PM,Tue,New Mexico State,,@,Liberty,,
9,"Oct 15, 2025",TBD,Wed,Delaware,,@,Jacksonville State,,
9,"Oct 15, 2025",7:00 PM,Wed,Texas-El Paso,,@,Sam Houston,,
9,"Oct 16, 2025",7:00 PM,Thu,Tulsa,,@,East Carolina,,
9,"Oct 17, 2025",7:00 PM,Fri,Louisville,,@, Miami (FL),,
9,"Oct 17, 2025",8:00 PM,Fri,Nebraska,,@,Minnesota,,
9,"Oct 17, 2025",10:30 PM,Fri,North Carolina,,@,California,,
9,"Oct 17, 2025",9:00 PM,Fri,San Jose State,,@,Utah State,,
9,"Oct 18, 2025",TBD,Sat,Akron,,@,Ball State,,
9,"Oct 18, 2025",TBD,Sat,Arizona,,@,Houston,,
9,"Oct 18, 2025",TBD,Sat,Army,,@,Tulane,,
9,"Oct 18, 2025",TBD,Sat,Baylor,,@,Texas Christian,,
9,"Oct 18, 2025",TBD,Sat,Buffalo,,@,Massachusetts,,
9,"Oct 18, 2025",TBD,Sat,Central Michigan,,@,Bowling Green,,
9,"Oct 18, 2025",TBD,Sat,Cincinnati,,@,Oklahoma State,,
9,"Oct 18, 2025",TBD,Sat,Coastal Carolina,,@,Appalachian State,,
9,"Oct 18, 2025",TBD,Sat,Connecticut,,@,Boston College,,
9,"Oct 18, 2025",TBD,Sat,Eastern Michigan,,@,Miami (OH),,
9,"Oct 18, 2025",TBD,Sat,Florida Atlantic,,@, South Florida,,
9,"Oct 18, 2025",10:30 PM,Sat, Florida State,,@,Stanford,,
9,"Oct 18, 2025",TBD,Sat,Georgia State,,@,Georgia Southern,,
9,"Oct 18, 2025",TBD,Sat,Georgia Tech,,@,Duke,,
9,"Oct 18, 2025",7:00 PM,Sat,Hawaii,,@,Colorado State,,
9,"Oct 18, 2025",TBD,Sat,Kent State,,@,Toledo,,
9,"Oct 18, 2025",10:00 PM,Sat,Lafayette,,@,Oregon State,,
9,"Oct 18, 2025",TBD,Sat, Louisiana State,,@,Vanderbilt,,
9,"Oct 18, 2025",TBD,Sat,Maryland,,@,UCLA,,
9,"Oct 18, 2025",TBD,Sat,Memphis,,@,Alabama-Birmingham,,
9,"Oct 18, 2025",TBD,Sat,Michigan State,,@, Indiana,,
9,"Oct 18, 2025",TBD,Sat, Mississippi,,@, Georgia,,
9,"Oct 18, 2025",TBD,Sat,Mississippi State,,@,Florida,,
9,"Oct 18, 2025",TBD,Sat, Missouri,,@, Auburn,,
9,"Oct 18, 2025",TBD,Sat,Nevada,,@,New Mexico,,
9,"Oct 18, 2025",TBD,Sat,Nevada-Las Vegas,,@,Boise State,,
9,"Oct 18, 2025",TBD,Sat,Northern Illinois,,@,Ohio,,
9,"Oct 18, 2025",TBD,Sat, Ohio State,,@,Wisconsin,,
9,"Oct 18, 2025",TBD,Sat, Oklahoma,,@, South Carolina,,
9,"Oct 18, 2025",TBD,Sat,Old Dominion,,@,James Madison,,
9,"Oct 18, 2025",TBD,Sat, Oregon,,@,Rutgers,,
9,"Oct 18, 2025",TBD,Sat, Penn State,,@,Iowa,,
9,"Oct 18, 2025",TBD,Sat,Pittsburgh,,@,Syracuse,,
9,"Oct 18, 2025",TBD,Sat,Purdue,,@,Northwestern,,
9,"Oct 18, 2025",7:30 PM,Sat,Southern California,,@, Notre Dame,,
9,"Oct 18, 2025",TBD,Sat,Southern Methodist,,@, Clemson,,
9,"Oct 18, 2025",TBD,Sat,Southern Mississippi,,@,Louisiana,,
9,"Oct 18, 2025",TBD,Sat,Temple,,@,Charlotte,,
9,"Oct 18, 2025",12:00 AM,Sat, Tennessee,,@, Alabama,,
9,"Oct 18, 2025",TBD,Sat, Texas,,@,Kentucky,,
9,"Oct 18, 2025",TBD,Sat, Texas A&M,,@,Arkansas,,
9,"Oct 18, 2025",TBD,Sat,Texas State,,@,Marshall,,
9,"Oct 18, 2025",TBD,Sat, Texas Tech,,@,Arizona State,,
9,"Oct 18, 2025",TBD,Sat,Texas-San Antonio,,@,North Texas,,
9,"Oct 18, 2025",TBD,Sat,Troy,,@,Louisiana-Monroe,,
9,"Oct 18, 2025",TBD,Sat, Utah,,@,Brigham Young,,
9,"Oct 18, 2025",TBD,Sat,Washington,,@, Michigan,,
9,"Oct 18, 2025",6:30 PM,Sat,Washington State,,@,Virginia,,
9,"Oct 18, 2025",TBD,Sat,West Virginia,,@,Central Florida,,
9,"Oct 18, 2025",3:30 PM,Sat,Wyoming,,@,Air Force,,
10,"Oct 21, 2025",7:00 PM,Tue,Kennesaw State,,@,Florida International,,
10,"Oct 21, 2025",7:30 PM,Tue,Western Kentucky,,@,Louisiana Tech,,
10,"Oct 22, 2025",7:30 PM,Wed,Middle Tennessee State,,@,Delaware,,
10,"Oct 22, 2025",9:00 PM,Wed,Missouri State,,@,New Mexico State,,
10,"Oct 23, 2025",TBD,Thu,South Alabama,,@,Georgia State,,
10,"Oct 24, 2025",10:00 PM,Fri,Boise State,,@,Nevada,,
10,"Oct 24, 2025",7:30 PM,Fri,California,,@,Virginia Tech,,
10,"Oct 24, 2025",7:00 PM,Fri,North Texas,,@,Charlotte,,
10,"Oct 25, 2025",TBD,Sat, Alabama,,@, South Carolina,,
10,"Oct 25, 2025",TBD,Sat,Appalachian State,,@,Old Dominion,,
10,"Oct 25, 2025",TBD,Sat, Auburn,,@,Arkansas,,
10,"Oct 25, 2025",TBD,Sat,Ball State,,@,Northern Illinois,,
10,"Oct 25, 2025",TBD,Sat,Baylor,,@,Cincinnati,,
10,"Oct 25, 2025",TBD,Sat,Boston College,,@,Louisville,,
10,"Oct 25, 2025",TBD,Sat,Bowling Green,,@,Kent State,,
10,"Oct 25, 2025",TBD,Sat,Brigham Young,,@, Iowa State,,
10,"Oct 25, 2025",TBD,Sat,Buffalo,,@,Akron,,
10,"Oct 25, 2025",TBD,Sat,Colorado,,@, Utah,,
10,"Oct 25, 2025",7:30 PM,Sat,Colorado State,,@,Wyoming,,
10,"Oct 25, 2025",TBD,Sat,Connecticut,,@,Rice,,
10,"Oct 25, 2025",3:30 PM,Sat,Florida Atlantic,,@,Navy,,
10,"Oct 25, 2025",TBD,Sat,Georgia Southern,,@,Arkansas State,,
10,"Oct 25, 2025",TBD,Sat,Houston,,@,Arizona State,,
10,"Oct 25, 2025",TBD,Sat, Illinois,,@,Washington,,
10,"Oct 25, 2025",TBD,Sat,Kansas State,,@,Kansas,,
10,"Oct 25, 2025",TBD,Sat,Louisiana,,@,Troy,,
10,"Oct 25, 2025",TBD,Sat,Louisiana-Monroe,,@,Southern Mississippi,,
10,"Oct 25, 2025",TBD,Sat,Massachusetts,,@,Central Michigan,,
10,"Oct 25, 2025",TBD,Sat, Michigan,,@,Michigan State,,
10,"Oct 25, 2025",TBD,Sat,Minnesota,,@,Iowa,,
10,"Oct 25, 2025",TBD,Sat, Mississippi,,@, Oklahoma,,
10,"Oct 25, 2025",TBD,Sat, Missouri,,@,Vanderbilt,,
10,"Oct 25, 2025",TBD,Sat,North Carolina State,,@,Pittsburgh,,
10,"Oct 25, 2025",TBD,Sat,Northwestern,,@,Nebraska,,
10,"Oct 25, 2025",TBD,Sat,Ohio,,@,Eastern Michigan,,
10,"Oct 25, 2025",TBD,Sat,Oklahoma State,,@, Texas Tech,,
10,"Oct 25, 2025",12:01 PM,Sat,Rutgers,,@,Purdue,,
10,"Oct 25, 2025",TBD,Sat,San Diego State,,@,Fresno State,,
10,"Oct 25, 2025",TBD,Sat, South Florida,,@,Memphis,,
10,"Oct 25, 2025",TBD,Sat,Southern Methodist,,@,Wake Forest,,
10,"Oct 25, 2025",TBD,Sat,Stanford,,@, Miami (FL),,
10,"Oct 25, 2025",TBD,Sat,Syracuse,,@,Georgia Tech,,
10,"Oct 25, 2025",TBD,Sat,Temple,,@,Tulsa,,
10,"Oct 25, 2025",TBD,Sat, Tennessee,,@,Kentucky,,
10,"Oct 25, 2025",TBD,Sat, Texas,,@,Mississippi State,,
10,"Oct 25, 2025",TBD,Sat, Texas A&M,,@, Louisiana State,,
10,"Oct 25, 2025",TBD,Sat,Texas Christian,,@,West Virginia,,
10,"Oct 25, 2025",3:30 PM,Sat,Toledo,,@,Washington State,,
10,"Oct 25, 2025",TBD,Sat,UCLA,,@, Indiana,,
10,"Oct 25, 2025",3:00 PM,Sat,Utah State,,@,New Mexico,,
10,"Oct 25, 2025",TBD,Sat,Virginia,,@,North Carolina,,
10,"Oct 25, 2025",TBD,Sat,Western Michigan,,@,Miami (OH),,
10,"Oct 25, 2025",TBD,Sat,Wisconsin,,@, Oregon,,
11,"Oct 28, 2025",7:30 PM,Tue,James Madison,,@,Texas State,,
11,"Oct 28, 2025",8:00 PM,Tue,Texas-El Paso,,@,Kennesaw State,,
11,"Oct 29, 2025",8:00 PM,Wed,Florida International,,@,Missouri State,,
11,"Oct 29, 2025",7:30 PM,Wed,Jacksonville State,,@,Middle Tennessee State,,
11,"Oct 30, 2025",TBD,Thu,Marshall,,@,Coastal Carolina,,
11,"Oct 30, 2025",7:30 PM,Thu,Tulane,,@,Texas-San Antonio,,
11,"Oct 31, 2025",7:00 PM,Fri,Memphis,,@,Rice,,
11,"Oct 31, 2025",7:30 PM,Fri,North Carolina,,@,Syracuse,,
11,"Oct 31, 2025",8:00 PM,Fri,Sam Houston,,@,Louisiana Tech,,
11,"Nov 1, 2025",12:00 PM,Sat,Alabama-Birmingham,,@,Connecticut,,
11,"Nov 1, 2025",TBD,Sat,Arizona,,@,Colorado,,
11,"Nov 1, 2025",TBD,Sat,Arizona State,,@, Iowa State,,
11,"Nov 1, 2025",TBD,Sat,Arkansas State,,@,Troy,,
11,"Nov 1, 2025",12:00 PM,Sat,Army,,@,Air Force,,
11,"Nov 1, 2025",TBD,Sat,Buffalo,,@,Bowling Green,,
11,"Nov 1, 2025",TBD,Sat,Central Florida,,@,Baylor,,
11,"Nov 1, 2025",TBD,Sat,Central Michigan,,@,Western Michigan,,
11,"Nov 1, 2025",TBD,Sat,Cincinnati,,@, Utah,,
11,"Nov 1, 2025",3:30 PM,Sat,Delaware,,@,Liberty,,
11,"Nov 1, 2025",TBD,Sat,Duke,,@, Clemson,,
11,"Nov 1, 2025",TBD,Sat,East Carolina,,@,Temple,,
11,"Nov 1, 2025",TBD,Sat,Fresno State,,@,Boise State,,
11,"Nov 1, 2025",3:30 PM,Sat, Georgia,,N,Florida,,
11,"Nov 1, 2025",TBD,Sat,Georgia Tech,,@,North Carolina State,,
11,"Nov 1, 2025",10:30 PM,Sat,Hawaii,,@,San Jose State,,
11,"Nov 1, 2025",TBD,Sat, Indiana,,@,Maryland,,
11,"Nov 1, 2025",TBD,Sat,Kentucky,,@, Auburn,,
11,"Nov 1, 2025",TBD,Sat,Louisiana,,@,South Alabama,,
11,"Nov 1, 2025",TBD,Sat,Louisville,,@,Virginia Tech,,
11,"Nov 1, 2025",TBD,Sat, Miami (FL),,@,Southern Methodist,,
11,"Nov 1, 2025",TBD,Sat,Michigan State,,@,Minnesota,,
11,"Nov 1, 2025",TBD,Sat,Mississippi State,,@,Arkansas,,
11,"Nov 1, 2025",TBD,Sat,Navy,,@,North Texas,,
11,"Nov 1, 2025",3:00 PM,Sat,New Mexico,,@,Nevada-Las Vegas,,
11,"Nov 1, 2025",3:30 PM,Sat,New Mexico State,,@,Western Kentucky,,
11,"Nov 1, 2025",TBD,Sat, Notre Dame,,@,Boston College,,
11,"Nov 1, 2025",TBD,Sat, Oklahoma,,@, Tennessee,,
11,"Nov 1, 2025",TBD,Sat,Oklahoma State,,@,Kansas,,
11,"Nov 1, 2025",TBD,Sat,Old Dominion,,@,Louisiana-Monroe,,
11,"Nov 1, 2025",TBD,Sat, Penn State,,@, Ohio State,,
11,"Nov 1, 2025",TBD,Sat,Pittsburgh,,@,Stanford,,
11,"Nov 1, 2025",TBD,Sat,Purdue,,@, Michigan,,
11,"Nov 1, 2025",TBD,Sat,Rutgers,,@, Illinois,,
11,"Nov 1, 2025",TBD,Sat, South Carolina,,@, Mississippi,,
11,"Nov 1, 2025",TBD,Sat,Southern California,,@,Nebraska,,
11,"Nov 1, 2025",TBD,Sat, Texas Tech,,@,Kansas State,,
11,"Nov 1, 2025",12:00 PM,Sat,Vanderbilt,,@, Texas,,
11,"Nov 1, 2025",TBD,Sat,Virginia,,@,California,,
11,"Nov 1, 2025",TBD,Sat,Wake Forest,,@, Florida State,,
11,"Nov 1, 2025",8:00 PM,Sat,Washington State,,@,Oregon State,,
11,"Nov 1, 2025",TBD,Sat,West Virginia,,@,Houston,,
11,"Nov 1, 2025",7:00 PM,Sat,Wyoming,,@,San Diego State,,
12,"Nov 4, 2025",7:00 PM,Tue,Massachusetts,,@,Akron,,
12,"Nov 4, 2025",7:00 PM,Tue,Miami (OH),,@,Ohio,,
12,"Nov 5, 2025",TBD,Wed,Kent State,,@,Ball State,,
12,"Nov 5, 2025",TBD,Wed,Northern Illinois,,@,Toledo,,
12,"Nov 6, 2025",TBD,Thu,Georgia Southern,,@,Appalachian State,,
12,"Nov 6, 2025",7:30 PM,Thu,Texas-San Antonio,,@, South Florida,,
12,"Nov 7, 2025",TBD,Fri,Houston,,@,Central Florida,,
12,"Nov 7, 2025",9:00 PM,Fri,Northwestern,,@,Southern California,,
12,"Nov 7, 2025",9:00 PM,Fri,Tulane,,@,Memphis,,
12,"Nov 8, 2025",TBD,Sat,Air Force,,@,San Jose State,,
12,"Nov 8, 2025",TBD,Sat,Alabama-Birmingham,,@,Rice,,
12,"Nov 8, 2025",TBD,Sat, Auburn,,@,Vanderbilt,,
12,"Nov 8, 2025",TBD,Sat,Bowling Green,,@,Eastern Michigan,,
12,"Nov 8, 2025",TBD,Sat,Brigham Young,,@, Texas Tech,,
12,"Nov 8, 2025",TBD,Sat,California,,@,Louisville,,
12,"Nov 8, 2025",TBD,Sat,Charlotte,,@,East Carolina,,
12,"Nov 8, 2025",1:00 PM,Sat,Citadel,,@, Mississippi,,
12,"Nov 8, 2025",TBD,Sat,Colorado,,@,West Virginia,,
12,"Nov 8, 2025",3:30 PM,Sat,Duke,,@,Connecticut,,
12,"Nov 8, 2025",TBD,Sat,Florida,,@,Kentucky,,
12,"Nov 8, 2025",3:00 PM,Sat,Florida International,,@,Middle Tennessee State,,
12,"Nov 8, 2025",TBD,Sat, Florida State,,@, Clemson,,
12,"Nov 8, 2025",12:00 PM,Sat, Georgia,,@,Mississippi State,,
12,"Nov 8, 2025",TBD,Sat,Georgia State,,@,Coastal Carolina,,
12,"Nov 8, 2025",TBD,Sat, Indiana,,@, Penn State,,
12,"Nov 8, 2025",TBD,Sat, Iowa State,,@,Texas Christian,,
12,"Nov 8, 2025",3:00 PM,Sat,Jacksonville State,,@,Texas-El Paso,,
12,"Nov 8, 2025",TBD,Sat,James Madison,,@,Marshall,,
12,"Nov 8, 2025",TBD,Sat,Kansas,,@,Arizona,,
12,"Nov 8, 2025",4:00 PM,Sat,Kennesaw State,,@,New Mexico State,,
12,"Nov 8, 2025",TBD,Sat, Louisiana State,,@, Alabama,,
12,"Nov 8, 2025",3:00 PM,Sat,Louisiana Tech,,@,Delaware,,
12,"Nov 8, 2025",TBD,Sat,Maryland,,@,Rutgers,,
12,"Nov 8, 2025",1:00 PM,Sat,Missouri State,,@,Liberty,,
12,"Nov 8, 2025",7:30 PM,Sat,Navy,,@, Notre Dame,,
12,"Nov 8, 2025",TBD,Sat,Nebraska,,@,UCLA,,
12,"Nov 8, 2025",7:30 PM,Sat,Nevada,,@,Utah State,,
12,"Nov 8, 2025",TBD,Sat,Nevada-Las Vegas,,@,Colorado State,,
12,"Nov 8, 2025",TBD,Sat, Ohio State,,@,Purdue,,
12,"Nov 8, 2025",TBD,Sat, Oregon,,@,Iowa,,
12,"Nov 8, 2025",10:00 PM,Sat,Sam Houston,,@,Oregon State,,
12,"Nov 8, 2025",11:00 PM,Sat,San Diego State,,@,Hawaii,,
12,"Nov 8, 2025",TBD,Sat,Southern Methodist,,@,Boston College,,
12,"Nov 8, 2025",TBD,Sat,Southern Mississippi,,@,Arkansas State,,
12,"Nov 8, 2025",TBD,Sat,Stanford,,@,North Carolina,,
12,"Nov 8, 2025",TBD,Sat,Syracuse,,@, Miami (FL),,
12,"Nov 8, 2025",12:00 PM,Sat,Temple,,@,Army,,
12,"Nov 8, 2025",TBD,Sat, Texas A&M,,@, Missouri,,
12,"Nov 8, 2025",TBD,Sat,Texas State,,@,Louisiana,,
12,"Nov 8, 2025",TBD,Sat,Tulsa,,@,Florida Atlantic,,
12,"Nov 8, 2025",TBD,Sat,Wake Forest,,@,Virginia,,
12,"Nov 8, 2025",TBD,Sat,Washington,,@,Wisconsin,,
13,"Nov 11, 2025",7:30 PM,Tue,Kent State,,@,Akron,,
13,"Nov 11, 2025",7:30 PM,Tue,Ohio,,@,Western Michigan,,
13,"Nov 12, 2025",7:00 PM,Wed,Buffalo,,@,Central Michigan,,
13,"Nov 12, 2025",7:00 PM,Wed,Northern Illinois,,@,Massachusetts,,
13,"Nov 12, 2025",7:00 PM,Wed,Toledo,,@,Miami (OH),,
13,"Nov 13, 2025",TBD,Thu,Troy,,@,Old Dominion,,
13,"Nov 14, 2025",TBD,Fri, Clemson,,@,Louisville,,
13,"Nov 14, 2025",9:00 PM,Fri,Minnesota,,@, Oregon,,
13,"Nov 15, 2025",12:00 PM,Sat,Air Force,,@,Connecticut,,
13,"Nov 15, 2025",TBD,Sat,Appalachian State,,@,James Madison,,
13,"Nov 15, 2025",TBD,Sat,Arizona,,@,Cincinnati,,
13,"Nov 15, 2025",TBD,Sat,Arkansas,,@, Louisiana State,,
13,"Nov 15, 2025",10:30 PM,Sat,Boise State,,@,San Diego State,,
13,"Nov 15, 2025",TBD,Sat,Central Florida,,@, Texas Tech,,
13,"Nov 15, 2025",TBD,Sat,Coastal Carolina,,@,Georgia Southern,,
13,"Nov 15, 2025",3:00 PM,Sat,Colorado State,,@,New Mexico,,
13,"Nov 15, 2025",1:00 PM,Sat,Delaware,,@,Sam Houston,,
13,"Nov 15, 2025",TBD,Sat,Eastern Michigan,,@,Ball State,,
13,"Nov 15, 2025",TBD,Sat,Florida,,@, Mississippi,,
13,"Nov 15, 2025",TBD,Sat,Florida Atlantic,,@,Tulane,,
13,"Nov 15, 2025",TBD,Sat,Georgia Tech,,@,Boston College,,
13,"Nov 15, 2025",TBD,Sat,Iowa,,@,Southern California,,
13,"Nov 15, 2025",TBD,Sat,Kansas State,,@,Oklahoma State,,
13,"Nov 15, 2025",2:00 PM,Sat,Kennesaw State,,@,Jacksonville State,,
13,"Nov 15, 2025",5:00 PM,Sat,Liberty,,@,Florida International,,
13,"Nov 15, 2025",10:00 PM,Sat,Louisiana Tech,,@,Washington State,,
13,"Nov 15, 2025",TBD,Sat,Marshall,,@,Georgia State,,
13,"Nov 15, 2025",TBD,Sat,Maryland,,@, Illinois,,
13,"Nov 15, 2025",TBD,Sat,Memphis,,@,East Carolina,,
13,"Nov 15, 2025",TBD,Sat, Michigan,,@,Northwestern,,
13,"Nov 15, 2025",3:30 PM,Sat,Middle Tennessee State,,@,Western Kentucky,,
13,"Nov 15, 2025",TBD,Sat,Mississippi State,,@, Missouri,,
13,"Nov 15, 2025",4:15 PM,Sat,New Mexico State,,@, Tennessee,,
13,"Nov 15, 2025",TBD,Sat,North Carolina,,@,Wake Forest,,
13,"Nov 15, 2025",TBD,Sat,North Carolina State,,@, Miami (FL),,
13,"Nov 15, 2025",TBD,Sat,North Texas,,@,Alabama-Birmingham,,
13,"Nov 15, 2025",TBD,Sat, Notre Dame,,@,Pittsburgh,,
13,"Nov 15, 2025",TBD,Sat, Oklahoma,,@, Alabama,,
13,"Nov 15, 2025",TBD,Sat,Oregon State,,@,Tulsa,,
13,"Nov 15, 2025",TBD,Sat, Penn State,,@,Michigan State,,
13,"Nov 15, 2025",TBD,Sat,Purdue,,@,Washington,,
13,"Nov 15, 2025",3:30 PM,Sat,San Jose State,,@,Nevada,,
13,"Nov 15, 2025",TBD,Sat,South Alabama,,@,Louisiana-Monroe,,
13,"Nov 15, 2025",TBD,Sat, South Carolina,,@, Texas A&M,,
13,"Nov 15, 2025",12:00 PM,Sat, South Florida,,@,Navy,,
13,"Nov 15, 2025",1:30 PM,Sat,Tennessee Tech,,@,Kentucky,,
13,"Nov 15, 2025",TBD,Sat, Texas,,@, Georgia,,
13,"Nov 15, 2025",TBD,Sat,Texas Christian,,@,Brigham Young,,
13,"Nov 15, 2025",TBD,Sat,Texas State,,@,Southern Mississippi,,
13,"Nov 15, 2025",3:00 PM,Sat,Texas-El Paso,,@,Missouri State,,
13,"Nov 15, 2025",TBD,Sat,Texas-San Antonio,,@,Charlotte,,
13,"Nov 15, 2025",TBD,Sat,UCLA,,@, Ohio State,,
13,"Nov 15, 2025",TBD,Sat, Utah,,@,Baylor,,
13,"Nov 15, 2025",7:00 PM,Sat,Utah State,,@,Nevada-Las Vegas,,
13,"Nov 15, 2025",TBD,Sat,Virginia,,@,Duke,,
13,"Nov 15, 2025",TBD,Sat,Virginia Tech,,@, Florida State,,
13,"Nov 15, 2025",TBD,Sat,West Virginia,,@,Arizona State,,
13,"Nov 15, 2025",TBD,Sat,Wisconsin,,@, Indiana,,
13,"Nov 15, 2025",TBD,Sat,Wyoming,,@,Fresno State,,
14,"Nov 18, 2025",7:00 PM,Tue,Akron,,@,Bowling Green,,
14,"Nov 18, 2025",7:00 PM,Tue,Massachusetts,,@,Ohio,,
14,"Nov 18, 2025",7:00 PM,Tue,Western Michigan,,@,Northern Illinois,,
14,"Nov 19, 2025",7:00 PM,Wed,Central Michigan,,@,Kent State,,
14,"Nov 19, 2025",7:00 PM,Wed,Miami (OH),,@,Buffalo,,
14,"Nov 20, 2025",7:30 PM,Thu,Louisiana,,@,Arkansas State,,
14,"Nov 21, 2025",8:00 PM,Fri, Florida State,,@,North Carolina State,,
14,"Nov 21, 2025",10:30 PM,Fri,Hawaii,,@,Nevada-Las Vegas,,
14,"Nov 22, 2025",TBD,Sat,Arizona State,,@,Colorado,,
14,"Nov 22, 2025",TBD,Sat,Arkansas,,@, Texas,,
14,"Nov 22, 2025",TBD,Sat,Ball State,,@,Toledo,,
14,"Nov 22, 2025",TBD,Sat,Baylor,,@,Arizona,,
14,"Nov 22, 2025",TBD,Sat,Brigham Young,,@,Cincinnati,,
14,"Nov 22, 2025",TBD,Sat,California,,@,Stanford,,
14,"Nov 22, 2025",12:45 PM,Sat,Charlotte,,@, Georgia,,
14,"Nov 22, 2025",TBD,Sat,Coastal Carolina,,@, South Carolina,,
14,"Nov 22, 2025",TBD,Sat,Colorado State,,@,Boise State,,
14,"Nov 22, 2025",TBD,Sat,Connecticut,,@,Florida Atlantic,,
14,"Nov 22, 2025",TBD,Sat,Delaware,,@,Wake Forest,,
14,"Nov 22, 2025",TBD,Sat,Duke,,@,North Carolina,,
14,"Nov 22, 2025",TBD,Sat,East Carolina,,@,Texas-San Antonio,,
14,"Nov 22, 2025",2:00 PM,Sat,Eastern Illinois,,@, Alabama,,
14,"Nov 22, 2025",TBD,Sat,Furman,,@, Clemson,,
14,"Nov 22, 2025",TBD,Sat,Georgia State,,@,Troy,,
14,"Nov 22, 2025",TBD,Sat, Illinois,,@,Wisconsin,,
14,"Nov 22, 2025",4:30 AM,Sat,Jacksonville State,,@,Florida International,,
14,"Nov 22, 2025",TBD,Sat,Kansas,,@, Iowa State,,
14,"Nov 22, 2025",TBD,Sat,Kansas State,,@, Utah,,
14,"Nov 22, 2025",TBD,Sat,Kentucky,,@,Vanderbilt,,
14,"Nov 22, 2025",3:00 PM,Sat,Liberty,,@,Louisiana Tech,,
14,"Nov 22, 2025",TBD,Sat,Louisiana-Monroe,,@,Texas State,,
14,"Nov 22, 2025",TBD,Sat,Louisville,,@,Southern Methodist,,
14,"Nov 22, 2025",TBD,Sat,Marshall,,@,Appalachian State,,
14,"Nov 22, 2025",2:00 PM,Sat,Mercer,,@, Auburn,,
14,"Nov 22, 2025",TBD,Sat, Miami (FL),,@,Virginia Tech,,
14,"Nov 22, 2025",TBD,Sat, Michigan,,@,Maryland,,
14,"Nov 22, 2025",TBD,Sat,Michigan State,,@,Iowa,,
14,"Nov 22, 2025",TBD,Sat,Minnesota,,@,Northwestern,,
14,"Nov 22, 2025",12:00 PM,Sat, Missouri,,@, Oklahoma,,
14,"Nov 22, 2025",2:00 PM,Sat,Missouri State,,@,Kennesaw State,,
14,"Nov 22, 2025",TBD,Sat,Nebraska,,@, Penn State,,
14,"Nov 22, 2025",2:00 PM,Sat,Nevada,,@,Wyoming,,
14,"Nov 22, 2025",7:00 PM,Sat,New Mexico,,@,Air Force,,
14,"Nov 22, 2025",3:00 PM,Sat,New Mexico State,,@,Texas-El Paso,,
14,"Nov 22, 2025",TBD,Sat,North Texas,,@,Rice,,
14,"Nov 22, 2025",TBD,Sat,Oklahoma State,,@,Central Florida,,
14,"Nov 22, 2025",TBD,Sat,Old Dominion,,@,Georgia Southern,,
14,"Nov 22, 2025",TBD,Sat,Pittsburgh,,@,Georgia Tech,,
14,"Nov 22, 2025",TBD,Sat,Rutgers,,@, Ohio State,,
14,"Nov 22, 2025",3:00 PM,Sat,Sam Houston,,@,Middle Tennessee State,,
14,"Nov 22, 2025",12:00 PM,Sat,Samford,,@, Texas A&M,,
14,"Nov 22, 2025",TBD,Sat,San Jose State,,@,San Diego State,,
14,"Nov 22, 2025",TBD,Sat, South Florida,,@,Alabama-Birmingham,,
14,"Nov 22, 2025",TBD,Sat,Southern California,,@, Oregon,,
14,"Nov 22, 2025",TBD,Sat,Southern Mississippi,,@,South Alabama,,
14,"Nov 22, 2025",3:30 PM,Sat,Syracuse,,@, Notre Dame,,
14,"Nov 22, 2025",TBD,Sat, Tennessee,,@,Florida,,
14,"Nov 22, 2025",TBD,Sat,Texas Christian,,@,Houston,,
14,"Nov 22, 2025",TBD,Sat,Tulane,,@,Temple,,
14,"Nov 22, 2025",12:00 PM,Sat,Tulsa,,@,Army,,
14,"Nov 22, 2025",10:30 PM,Sat,Utah State,,@,Fresno State,,
14,"Nov 22, 2025",TBD,Sat,Washington,,@,UCLA,,
14,"Nov 22, 2025",TBD,Sat,Washington State,,@,James Madison,,
14,"Nov 22, 2025",TBD,Sat,Western Kentucky,,@, Louisiana State,,
15,"Nov 25, 2025",TBD,Tue,Bowling Green,,@,Massachusetts,,
15,"Nov 25, 2025",TBD,Tue,Western Michigan,,@,Eastern Michigan,,
15,"Nov 27, 2025",7:30 PM,Thu,Navy,,@,Memphis,,
15,"Nov 28, 2025",TBD,Fri,Air Force,,@,Colorado State,,
15,"Nov 28, 2025",TBD,Fri,Arizona,,@,Arizona State,,
15,"Nov 28, 2025",TBD,Fri,Army,,@,Texas-San Antonio,,
15,"Nov 28, 2025",4:00 PM,Fri,Boise State,,@,Utah State,,
15,"Nov 28, 2025",3:30 PM,Fri, Georgia,,@,Georgia Tech,,
15,"Nov 28, 2025",7:30 PM,Fri, Indiana,,@,Purdue,,
15,"Nov 28, 2025",12:00 PM,Fri,Iowa,,@,Nebraska,,
15,"Nov 28, 2025",TBD,Fri,Kent State,,@,Northern Illinois,,
15,"Nov 28, 2025",12:00 PM,Fri, Mississippi,,@,Mississippi State,,
15,"Nov 28, 2025",12:00 PM,Fri,Ohio,,@,Buffalo,,
15,"Nov 28, 2025",3:30 PM,Fri,San Diego State,,@,New Mexico,,
15,"Nov 28, 2025",7:30 PM,Fri, Texas A&M,,@, Texas,,
15,"Nov 28, 2025",12:00 PM,Fri, Utah,,@,Kansas,,
15,"Nov 29, 2025",TBD,Sat, Alabama,,@, Auburn,,
15,"Nov 29, 2025",TBD,Sat,Alabama-Birmingham,,@,Tulsa,,
15,"Nov 29, 2025",TBD,Sat,Arkansas State,,@,Appalachian State,,
15,"Nov 29, 2025",TBD,Sat,Ball State,,@,Miami (OH),,
15,"Nov 29, 2025",TBD,Sat,Boston College,,@,Syracuse,,
15,"Nov 29, 2025",TBD,Sat,Central Florida,,@,Brigham Young,,
15,"Nov 29, 2025",TBD,Sat,Charlotte,,@,Tulane,,
15,"Nov 29, 2025",TBD,Sat,Cincinnati,,@,Texas Christian,,
15,"Nov 29, 2025",12:00 PM,Sat, Clemson,,@, South Carolina,,
15,"Nov 29, 2025",TBD,Sat,Colorado,,@,Kansas State,,
15,"Nov 29, 2025",TBD,Sat,East Carolina,,@,Florida Atlantic,,
15,"Nov 29, 2025",1:00 PM,Sat,Florida International,,@,Sam Houston,,
15,"Nov 29, 2025",TBD,Sat, Florida State,,@,Florida,,
15,"Nov 29, 2025",TBD,Sat,Fresno State,,@,San Jose State,,
15,"Nov 29, 2025",TBD,Sat,Georgia Southern,,@,Marshall,,
15,"Nov 29, 2025",TBD,Sat,Georgia State,,@,Old Dominion,,
15,"Nov 29, 2025",TBD,Sat,Houston,,@,Baylor,,
15,"Nov 29, 2025",TBD,Sat, Iowa State,,@,Oklahoma State,,
15,"Nov 29, 2025",TBD,Sat,James Madison,,@,Coastal Carolina,,
15,"Nov 29, 2025",3:30 PM,Sat,Kennesaw State,,@,Liberty,,
15,"Nov 29, 2025",TBD,Sat,Kentucky,,@,Louisville,,
15,"Nov 29, 2025",TBD,Sat, Louisiana State,,@, Oklahoma,,
15,"Nov 29, 2025",2:00 PM,Sat,Louisiana Tech,,@,Missouri State,,
15,"Nov 29, 2025",TBD,Sat,Louisiana-Monroe,,@,Louisiana,,
15,"Nov 29, 2025",TBD,Sat,Maryland,,@,Michigan State,,
15,"Nov 29, 2025",TBD,Sat, Miami (FL),,@,Pittsburgh,,
15,"Nov 29, 2025",3:00 PM,Sat,Middle Tennessee State,,@,New Mexico State,,
15,"Nov 29, 2025",TBD,Sat, Missouri,,@,Arkansas,,
15,"Nov 29, 2025",9:00 PM,Sat,Nevada-Las Vegas,,@,Nevada,,
15,"Nov 29, 2025",TBD,Sat,North Carolina,,@,North Carolina State,,
15,"Nov 29, 2025",TBD,Sat,Northwestern,,@, Illinois,,
15,"Nov 29, 2025",TBD,Sat, Notre Dame,,@,Stanford,,
15,"Nov 29, 2025",12:00 PM,Sat, Ohio State,,@, Michigan,,
15,"Nov 29, 2025",TBD,Sat, Oregon,,@,Washington,,
15,"Nov 29, 2025",6:30 PM,Sat,Oregon State,,@,Washington State,,
15,"Nov 29, 2025",TBD,Sat, Penn State,,@,Rutgers,,
15,"Nov 29, 2025",TBD,Sat,Rice,,@, South Florida,,
15,"Nov 29, 2025",TBD,Sat,South Alabama,,@,Texas State,,
15,"Nov 29, 2025",TBD,Sat,Southern Methodist,,@,California,,
15,"Nov 29, 2025",TBD,Sat,Temple,,@,North Texas,,
15,"Nov 29, 2025",TBD,Sat, Texas Tech,,@,West Virginia,,
15,"Nov 29, 2025",1:00 PM,Sat,Texas-El Paso,,@,Delaware,,
15,"Nov 29, 2025",12:00 PM,Sat,Toledo,,@,Central Michigan,,
15,"Nov 29, 2025",TBD,Sat,Troy,,@,Southern Mississippi,,
15,"Nov 29, 2025",TBD,Sat,UCLA,,@,Southern California,,
15,"Nov 29, 2025",TBD,Sat,Vanderbilt,,@, Tennessee,,
15,"Nov 29, 2025",TBD,Sat,Virginia Tech,,@,Virginia,,
15,"Nov 29, 2025",TBD,Sat,Wake Forest,,@,Duke,,
15,"Nov 29, 2025",2:00 PM,Sat,Western Kentucky,,@,Jacksonville State,,
15,"Nov 29, 2025",TBD,Sat,Wisconsin,,@,Minnesota,,
15,"Nov 29, 2025",11:00 PM,Sat,Wyoming,,@,Hawaii,,
16,"Dec 13, 2025",3:00 PM,Sat,Army,,N,Navy,,
